TERMO;DEFINICAO
ABRIGO;local de proteção (sol e chuva) para os usuários do transporte coletivo (MBFT - Manual Brasileiro de Fiscalização de Trânsito).
ACLIVE;inclinação de terreno um tanto acentuada, em sentido ascendente (MBFT - Manual Brasileiro de Fiscalização de Trânsito).
ACOSTAMENTO;parte da via diferenciada da pista de rolamento destinada à parada ou estacionamento de veículos, em caso de emergência, e à circulação de pedestres e bicicletas, quando não houver local apropriado para esse fim (Anexo I do CTB).
AE;Autorização Específica válida por período de um ano. (MBFT - Manual Brasileiro de Fiscalização de Trânsito).
AED;Autorização Específica Definitiva. (MBFT - Manual Brasileiro de Fiscalização de Trânsito). AET - Autorização Especial de Trânsito. (MBFT - Manual Brasileiro de Fiscalização de Trânsito). AGENTE DA AUTORIDADE DE TRÂNSITO - agente de trânsito e policial rodoviário federal que atuam na fiscalização, no controle e na operação de trânsito e no patrulhamento, competentes para a lavratura do auto de infração e para os procedimentos dele decorrentes, incluídos o policial militar ou os agentes referidos no art. 25-A deste Código, quando designados pela autoridade de trânsito com circunscrição sobre a via, mediante convênio, na forma prevista neste Código (Lei 14.229/21).
AGENTE DE TRÂNSITO;servidor civil efetivo de carreira do órgão ou entidade executivos de trânsito ou rodoviário, com as atribuições de educação, operação e fiscalização de trânsito e de transporte no exercício regular do poder de polícia de trânsito para promover a segurança viária nos termos da Constituição Federal (Lei 14.229/21).
AJARDINAMENTO;local com características de jardim público (MBFT - Manual Brasileiro de Fiscalização de Trânsito).
ANGULOS DE VISIBILIDADE GEOMÉTRICA;"ângulos que determinam o campo do ângulo sólido mínimo no qual a superfície aparente da lanterna deve ser visível., onde: o campo do ângulo sólido é determinado pelos segmentos de uma esfera, cujo centro coincide com o centro de referência do dispositivo e o equador é paralelo ao solo; os segmentos de uma esfera são determinados em relação ao eixo de referência, os ângulos horizontais ""Beta"" correspondem à longitude e os ângulos verticais ""Alfa"" à latitude; no interior dos ângulos de visibilidade geométrica não deve existir obstáculo para a propagação"
AR ALVEOLAR;ar expirado pela boca de um indivíduo, originário dos alvéolos pulmonares (Lei federal nº 12.760/12).
ÁREA DE CONFLITO VEICULAR;é a área formada somente pelas pistas de rolamento de uma interseção (MBFT - Manual Brasileiro de Fiscalização de Trânsito). ÁREA DE CRUZAMENTO = INTERSEÇÃO - para fins de fiscalização é a área formada pelo cruzamento, entroncamento ou bifurcação de duas ou mais vias, compreendendo calçada e pista de rolamento. (MBFT - Manual Brasileiro de Fiscalização de Trânsito).
ÁREA DE ESPERA;área delimitada por 2 (duas) linhas de retenção, destinada exclusivamente à espera de motocicletas, motonetas e ciclomotores, junto à aproximação semafórica, imediatamente à frente da linha de retenção dos demais veículos (Lei Federal 14.071 de 2020).
ÁREA DE ESTACIONAMENTO ROTATIVO;é a parte da via sinalizada para o estacionamento de veículos, gratuito ou pago, regulamentado para um período determinado pelo órgão ou entidade com circunscrição sobre a via. (MBFT - Manual Brasileiro de Fiscalização de Trânsito).
ARRASTAR;roçar, puxar, deslizar, o que implica contato da carga com o pavimento (MBFT - Manual Brasileiro de Fiscalização de Trânsito).
AUTOMÓVEL;veículo automotor destinado ao transporte de passageiros, com capacidade para até oito pessoas, exclusive o condutor (Anexo I do CTB).
AUTORIDADE DE TRÂNSITO;dirigente máximo de órgão ou entidade executivo integrante do Sistema Nacional de Trânsito ou pessoa por ele expressamente credenciada (Anexo I do CTB).
BAGAGEIRO;o bagageiro equipara-se ao compartimento de carga destinado ao transporte de bagagens (MBFT - Manual Brasileiro de Fiscalização de Trânsito).
BAGAGEM;conjunto de objetos de uso pessoal do passageiro, devidamente acondicionado, transportado no bagageiro do veículo (Decreto Federal 2521/98).
BALANÇA RODOVIÁRIA;instrumento de pesagem de veículos (PBT/PBTC ou eixos), pertencente ao poder público ou privado, desde que cumpridos os requisitos metrológicos. (MBFT - Manual Brasileiro de Fiscalização de Trânsito).
BALANÇO TRASEIRO;distância entre o plano vertical passando pelos centros das rodas traseiras extremas e o ponto mais recuado do veículo, considerando-se todos os elementos rigidamente fixados ao mesmo (Anexo I do CTB).
BICICLETA;veículo de propulsão humana, dotado de duas rodas, não sendo, para efeito do Código de Trânsito, similar à motocicleta, motoneta e ciclomotor(Anexo I do CTB).
BICICLETA ELÉTRICA OU MOTORIZADA;"bicicleta dotada originalmente de motor elétrico auxiliar, bem como aquela que tiver o dispositivo motriz agregado posteriormente à sua estrutura, sendo permitida a sua circulação em ciclovias e ciclofaixas. atendidas as seguintes condições: I - potência nominal máxima de até 350 Watts; II - velocidade máxima de 25 km/h; III - serem dotadas de sistema que garanta o funcionamento do motor somente quando o condutor pedalar; IV - não dispor de acelerador ou de qualquer outro dispositivo de variação manual de potência; V - estarem dotadas de: a) indicador de velocidade; b) campainha; c) sinalização noturna dianteira, traseira e lateral; d) espelhos retrovisores em ambos os lados; e e) pneus em condições mínimas de segurança; VI - uso obrigatório de capacete de ciclista.(MBFT - Manual Brasileiro de Fiscalização de Trânsito). BICICLETÁRIO - local, na via ou fora dela, destinado ao estacionamento de bicicletas (Anexo I do CTB)."
BLOQUEIO VIÁRIO;entende-se por bloqueio a proibição da passagem de veículos por uma via, pista ou faixa por motivos de segurança do trânsito (acidente, obra ou buraco na pista, evento, passeata, etc.) ou controle sanitário/ aduaneiro/ tributário/ etc., sinalizado com: cone, cavalete e demais dispositivos de uso temporário, complementados ou não com placas de sinalização. Obs: viatura em caráter provisório ou emergencial (MBFT - Manual Brasileiro de Fiscalização de Trânsito). BONDE - veículo de propulsão elétrica que se move sobre trilhos (Anexo I do CTB).
BORDO DA PISTA;margem da pista, podendo ser demarcada por linhas longitudinais de bordo que delineiam a parte da via destinada à circulação de veículos (Anexo I do CTB).
CALÇADA;parte da via, normalmente segregada e em nível diferente, não destinada à circulação de veículos, reservada ao trânsito de pedestres e, quando possível, à implantação de mobiliário urbano, sinalização, vegetação e outros fins (Anexo I do CTB).
CALÇO DE SEGURANÇA;dispositivo de madeira, concreto ou outros materiais, que colocado entre a roda do veículo e o pavimento, impeça o seu deslocamento. (MBFT - Manual Brasileiro de Fiscalização de Trânsito). O calço de segurança deverá ter condições de cumprir seu objetivo, com tamanho e constituição suficientes para impedir o deslocamento do veículo ou combinação, caso contrário o veículo estará sujeito à autuação desse dispositivo.
CAMINHÃO;veículo automotor destinado ao transporte de carga com peso bruto total superior a 3.500 kg (três mil e quinhentos quilogramas), podendo tracionar ou arrastar outro veículo, respeitada a capacidade máxima de tração.(MBFT - Manual Brasileiro de Fiscalização de Trânsito). CAMINHÃO-TRATOR - veículo automotor destinado a tracionar ou arrastar outro (Anexo I do CTB). CAMINHONETE - veículo destinado ao transporte de carga com peso bruto total de até três mil e quinhentos quilogramas (Anexo I do CTB).
CAMIONETA;veículo misto destinado ao transporte de passageiros e carga no mesmo compartimento (Anexo I do CTB).
CANTEIRO CENTRAL;obstáculo físico construído como separador de duas pistas de rolamento, eventualmente substituído por marcas viárias (canteiro fictício). (Anexo I do CTB).
CAPACETE CERTIFICADO;aquele que possui aplicado as marcações (selo de certificação holográfico/etiqueta interna), com a marca do Sistema Brasileiro de Avaliação da Conformidade- SBAC, comercializado, após o controle do processo de fabricação e ensaios específicos, de maneira a garantir que os requisitos técnicos, definidos na norma técnica, foram atendidos (MBFT - Manual Brasileiro de Fiscalização de Trânsito).
CAPACETE MOTOCICLÍSTICO;equipamento que tem a finalidade de proteger a calota craniana, o qual deve ser calçado e fixado na cabeça do usuário, de forma que fique firme, com o tamanho adequado (MBFT - Manual Brasileiro de Fiscalização de Trânsito).
CAPACIDADE DO VEÍCULO;"de passageiro, é consultada no CRV ou CLA; destinados à condução coletiva de escolares, em local visível na parte interna; veículo de carga, é de 3 pessoas incluindo o motorista. (MBFT - Manual Brasileiro de Fiscalização de Trânsito)."
CAPACIDADE MÁXIMA DE TRAÇÃO;CMT - máximo peso que a unidade de tração é capaz de tracionar, indicado pelo fabricante, baseado em condições sobre suas limitações de geração e multiplicação de momento de força e resistência dos elementos que compõem a transmissão (MBFT - Manual Brasileiro de Fiscalização de Trânsito).
CARGA COMPATIVEL;É aquela que excede os limites de peso, capacidade máxima de tração, ou ainda, limites laterais, altura ou comprimento do veículo. Ex.: caixas, tubos de PVC, prancha de surf, madeira, pacotes, embalagens, botijão de gás em cima da grelha, galões de água mineral em suporte lateral, dentre outros. (MBFT - Manual Brasileiro de Fiscalização de Trânsito).
CARGA INCOMPATÍVEL;É aquela que excede os limites de peso, capacidade máxima de tração, ou ainda, limites laterais, altura ou comprimento do veículo. Ex.: caixas, tubos de PVC, prancha de surf, madeira, pacotes, embalagens, botijão de gás em cima da grelha, galões de água mineral em suporte lateral, dentre outros. (MBFT - Manual Brasileiro de Fiscalização de Trânsito).
CARREATA;deslocamento em fila na via de veículos automotores em sinal de regozijo, de reivindicação, de protesto cívico ou de uma classe (Anexo I do CTB).
CARRO DE MÃO;veículo de propulsão humana utilizado no transporte de pequenas cargas (Anexo I do CTB).
CARROÇA;veículo de tração animal destinado ao transporte de carga (Anexo I do CTB). CATADIÓPTRICO - dispositivo de reflexão e refração da luz utilizado na sinalização de vias e veículos (olho-de-gato) (Anexo I do CTB).
CHARRETE;veículo de tração animal destinado ao transporte de pessoas (Anexo I do CTB).
CICLO;veículo de pelo menos duas rodas a propulsão humana (Anexo I do CTB).
CICLOFAIXA;parte da pista de rolamento destinada à circulação exclusiva de ciclos, delimitada por sinalização específica (Anexo I do CTB).
CICLOMOTOR;veículo de 2 (duas) ou 3 (três) rodas, provido de motor de combustão interna, cuja cilindrada não exceda a 50 cm3 (cinquenta centímetros cúbicos), equivalente a 3,05 pol 3 (três polegadas cúbicas e cinco centésimos), ou de motor de propulsão elétrica com potência máxima de 4 kW (quatro quilowatts), e cuja velocidade máxima de fabricação não exceda a 50 Km/h (cinquenta quilômetros por hora.(MBFT - Manual Brasileiro de Fiscalização de Trânsito).
CICLOVIA;pista própria destinada à circulação de ciclos, separada fisicamente do tráfego comum (Anexo I do CTB).
CINTA JUGULAR;confeccionada em materiais sintéticos, fixadas ao casco de forma apropriada, cuja finalidade é a de fixar firmemente (sem qualquer folga aparente) o capacete à calota craniana, por debaixo do maxilar inferior do usuário (MBFT - Manual Brasileiro de Fiscalização de Trânsito).
CIRCULAÇÃO;movimentação de pessoas, animais e veículos em deslocamento, conduzidos ou não, em vias públicas ou privadas abertas ao público e de uso coletivo (Lei 14.229/21).
COMBOIO;porção de carros que se dirigem ao mesmo destino (MBFT - Manual Brasileiro de Fiscalização de Trânsito).
CONVERSÃO;movimento em ângulo, à esquerda ou à direita, de mudança da direção original do veículo (Anexo I do CTB).
CRUZAMENTO;interseção de duas vias em nível (Anexo I do CTB).
CTV;Combinação para Transporte de Veículos. (MBFT - Manual Brasileiro de Fiscalização de Trânsito).
CTVP;Combinações de Transporte de Veículos e Cargas Paletizadas. (MBFT - Manual Brasileiro de Fiscalização de Trânsito).
CVC;Combinação de Veículos de Carga. (MBFT - Manual Brasileiro de Fiscalização de Trânsito). DECIBELÍMETRO -	(sonômetro) - equipamento hábil para medição de pressão sonora (MBFT - Manual Brasileiro de Fiscalização de Trânsito).
DECLIVE;inclinação de terreno um tanto acentuada, em sentido descendente (MBFT - Manual Brasileiro de Fiscalização de Trânsito).
DERRAMAR;espalhar, propagar, espargir, verter, deixar ou fazer correr líquidos, grãos, coisas miúdas.(MBFT - Manual Brasileiro de Fiscalização de Trânsito).
DETRITO;sobra de qualquer substância, resíduos, restos (MBFT - Manual Brasileiro de Fiscalização de Trânsito).
DISPOSITIVO DE ILUMINAÇÃO;dispositivo veicular projetado para iluminar a via.(Resolução 970/22).
DISPOSITIVO DE SEGURANÇA;qualquer elemento que tenha a função específica de proporcionar maior segurança ao usuário da via, alertando-o sobre situações de perigo que possam colocar em risco sua integridade física e dos demais usuários da via, ou danificar seriamente o veículo (Anexo I do CTB).
DISPOSITIVO DE SINALIZAÇÃO;dispositivo projetado para emitir sinal luminoso para os outros usuários da via. (Resolução 970/2022).
DRC;Dispositivo de retenção para o transporte de crianças.
DRL;Farol de rodagem diurna (Daytime Running Light): é o farol voltado para a dianteira do veículo a fim de torná-lo mais facilmente visível quando em circulação durante o período de dia. Res. 970/2022, Anexo XIV.
ELEVADO;obra de arte que equipara-se a viaduto (MBFT - Manual Brasileiro de Fiscalização de Trânsito).
EMBARCADOR;"aquele que embarca, que despacha para viagem (Mini Aurélio, 6ª Edição, 2005). EMERGÊNCIA - situação, conjuntura, circunstância crítica; incidente, caso de urgência (Mini Aurélio, 6ª Edição, 2005)."
EPI;Equipamento de proteção individual. (MBFT - Manual Brasileiro de Fiscalização de Trânsito).
EQUIPAMENTO  DE  MOBILIDADE  INDIVIDUAL  AUTOPROPELIDO;Equipamento  de autopropulsão, provido de motor elétrico ou a combustão, individual, com uma ou mais rodas, com velocidade máxima de 6 km/h, em áreas de circulação de pedestres e 20 km/h em ciclovias e ciclofaixas, e com dimensões de largura e comprimento iguais ou inferiores às de uma cadeira de rodas especificadas pela Norma Brasileira ABNT NBR 9050. (MBFT - Manual Brasileiro de Fiscalização de Trânsito).
ESCALA RINGELMANN;"escala impressa, constituída de seis campos de densidade colorimétrica de 0;20;40;60;80 e 100% determinado por reticulado de 1 x 1 cm de linhas negras e de espessuras, sobre fundo branco fosco e que deve ser observado a uma distância que permita a visualização das tonalidade de modo uniforme (MBFT - Manual Brasileiro de Fiscalização de Trânsito)."
ESPAÇO COMPARTILHADO COM PEDESTRES;espaço da via pública destinado prioritariamente aos pedestres onde os ciclistas compartilham a mesma área de circulação, desde que devidamente sinalizado. (MBFT - Manual Brasileiro de Fiscalização de Trânsito).
ESTACIONAMENTO;imobilização de veículos por tempo superior ao necessário para embarque ou desembarque de passageiros (Anexo I do CTB).
ESTRADA;via rural não pavimentada (Anexo I do CTB).
ETILÔMETRO;aparelho destinado à medição do teor alcoólico no ar alveolar (Lei Federal 12.760/12).
EVENTO;"que necessite de autorização da Autoridade Competente é o acontecimento realizado na via que, cumulativamente: a) causar interferência significativa no fluxo viário ou prejudicar a segurança dos usuários das vias urbanas ou rurais; e b) for organizado previamente, com objetivo comum a ser atingido pelos participantes.(MBFT - Manual Brasileiro de Fiscalização de Trânsito)."
FAIXAS DE DOMÍNIO;superfície lindeira às vias rurais, delimitada por lei específica e sob responsabilidade do órgão ou entidade de trânsito competente com circunscrição sobre a via (Anexo I do CTB).
FAIXAS DE TRÂNSITO;qualquer uma das áreas longitudinais em que a pista pode ser subdividida, sinalizada ou não por marcas viárias longitudinais, que tenham uma largura suficiente para permitir a circulação de veículos automotores (Anexo I do CTB).
FAROL DE LONGO ALCANCE;"o mesmo que ""farol de luz alta"" (Resolução 227/07 do CONTRAN). FAROL DE LUZ BAIXA - é um farol utilizado para iluminar a via, à frente do veículo, sem causar ofuscamento ou desconforto aos motoristas que se aproximam em sentido contrário e nem a outros usuários da via. (MBFT - Manual Brasileiro de Fiscalização de Trânsito)."
FAROL DE LUZ ALTA;é o farol utilizado para iluminar a via a uma longa distância à frente do veículo. O farol de longo alcance, destinado a auxiliar a iluminação à distância à frente do veículo, deve ser considerado, para os fins desta ficha, como farol de luz alta. (MBFT - Manual Brasileiro de Fiscalização de Trânsito).
FAROL DE LUZ BAIXA PRINCIPAL;é um farol de luz baixa produzido sem a contribuição de emissor infravermelho (IR) e/ou fontes de luz adicionais para iluminação de curvas.(MBFT - Manual Brasileiro de Fiscalização de Trânsito).
FAROL DE NEBLINA;dispositivo de iluminação utilizado para melhorar a iluminação e visibilidade da via para o condutor em caso de neblina, nevoeiro, fumaça, chuva forte ou nuvem de poeira. (Resolução 970/2022).
FAROL DE RODAGEM DIURNA;farol voltado para a dianteira do veículo a fim de torná-lo mais facilmente visível quando em circulação durante o período de dia (Anexo XIV da Resolução 667/17 do CONTRAN).
FAROL;dispositivo de iluminação utilizado para iluminar a via à frente do veículo. (Resolução 970/2022).
FICHA DE TRABALHO DO AUTÔNOMO;ficha de controle do tempo de direção e do intervalo de descanso do motorista profissional autônomo, que deverá sempre acompanhá-lo no exercício de sua profissão. (MBFT - Manual Brasileiro de Fiscalização de Trânsito).
FISCALIZAÇÃO;ato de controlar o cumprimento das normas estabelecidas na legislação de trânsito, por meio do poder de polícia administrativa de trânsito, no âmbito de circunscrição dos órgãos e entidades executivos de trânsito e de acordo com as competências definidas no CTB (Anexo I do CTB).
FOCO DE PEDESTRES;indicação luminosa de permissão ou impedimento de locomoção na faixa apropriada (Anexo I do CTB).
FOLGUEDO;folia, festa, divertimento (Mini Aurélio, 6ª Edição, 2005).
FORÇA MAIOR;"são os fatos humanos ou naturais, que podem até ser previstos, mas não podem ser evitados ou impedidos, pela autoridade com circunscrição sobre a via, tais como fenômenos da natureza, tais como inundações, deslizamentos de terra, quedas de barreira, desmoronamentos, etc; e osfatos humanos, como guerras, revoluções, manifestações, interrupções na via, pontes, viadutos, desmoronamentos, acidentes, obras, reformas e reparos, entre outros. (MBFT - Manual Brasileiro de Fiscalização de Trânsito)."
FORÇAR PASSAGEM;veículo que ao realizar ou tentar realizar ultrapassagem, mesmo em local permitido, força a passagem entre veículos que estejam circulando em sentidos opostos e próximos a passar um pelo outro, gerando situação de risco (saída de qualquer dos veículos para o acostamento, para outra faixa, diminuição de velocidade, entre outras situações).(MBFT - Manual Brasileiro de Fiscalização de Trânsito).
FREIO DE ESTACIONAMENTO;dispositivo destinado a manter o veículo imóvel na ausência do condutor ou, no caso de um reboque, se este se encontra desengatado (Anexo I do CTB).
FREIO DE SEGURANÇA OU MOTOR;dispositivo destinado a diminuir a marcha do veículo no caso de falha do freio de serviço (Anexo I do CTB).
FREIO DE SERVIÇO;dispositivo destinado a provocar a diminuição da marcha do veículo ou pará-lo (Anexo I do CTB).
GESTOS DE AGENTES;movimentos convencionais de braço, adotados exclusivamente pelos agentes de autoridades de trânsito nas vias, para orientar, indicar o direito de passagem dos veículos ou pedestres ou emitir ordens, sobrepondo-se ou completando outra sinalização ou norma constante do CTB (Anexo I do CTB).
GESTOS DE CONDUTORES;movimentos convencionais de braço, adotados exclusivamente pelos condutores, para orientar ou indicar que vão efetuar uma manobra de mudança de direção, redução brusca de velocidade ou parada (Anexo I do CTB).
GRAMADO;é o logradouro público, coberto predominantemente por grama com a finalidade paisagística e/ou ornamental.Considerar gramado e jardim público, mesmo que apresentem apenas vestígios de vegetação e terra batida. (MBFT - Manual Brasileiro de Fiscalização de Trânsito).
ILHA;obstáculo físico, colocado na pista de rolamento, destinado à ordenação dos fluxos de trânsito em uma interseção (Anexo I do CTB).
IMOBILIZAÇÃO;interrupção de marcha do veículo para atender circunstância momentânea do trânsito (MBFT - Manual Brasileiro de Fiscalização de Trânsito).
IMOBILIZAÇÃO TEMPORÁRIA;interrupção de marcha do veículo para atender circunstância momentânea do trânsito, não se confundindo com estacionamento ou parada. (MBFT - Manual Brasileiro de Fiscalização de Trânsito).
INFRAÇÃO;inobservância a qualquer preceito da legislação de trânsito, às normas emanadas do Código de Trânsito, do Conselho Nacional de Trânsito e a regulamentação estabelecida pelo órgão ou entidade executiva do trânsito (Anexo I do CTB).
INSTALAÇÕES;equipamentos apostos na via, compreendendo bancos, lixeiras, estrutura para paradade ônibus, placas, semáforos, tachas, tachinhas, tachões, etc. (MBFT - Manual Brasileiro de Fiscalização de Trânsito).
INTERROMPER DELIBERADAMENTE A CIRCULAÇÃO NA VIA;obstrução deliberada e total da circulação de veículos na via. (MBFT - Manual Brasileiro de Fiscalização de Trânsito).
INTERRUPÇÃO DE MARCHA;imobilização do veículo para atender circunstância momentânea do trânsito (MBFT - Manual Brasileiro de Fiscalização de Trânsito).
INTERSEÇÃO;todo cruzamento em nível, entroncamento ou bifurcação, incluindo as áreas formadas por tais cruzamentos, entroncamentos ou bifurcações (Anexo I do CTB).
INTERVALO DE DESCANSO;período de tempo em que o condutor estiver efetivamente cumprindo o descanso, comprovado por meio dos documentos previstos na regulamentação do Contran, não computadas as interrupções involuntárias, tais como as decorrentes de engarrafamentos, semáforo e sinalização de trânsito. (MBFT - Manual Brasileiro de Fiscalização de Trânsito).
JARDIM PÚBLICO;é o logradouro público para a exibição, cultivação e apreciação de plantas, flores ou outras formas da natureza com a finalidade paisagística e/ou ornamental. Considerar gramado e jardim público, mesmo que apresentem apenas vestígios de vegetação e terra batida. (MBFT - Manual Brasileiro de Fiscalização de Trânsito).
LANÇAR;arremessar, atirar, jogar, projetar, impulsionar, estender, impelir, desprender, irradiar, ejetar. (MBFT - Manual Brasileiro de Fiscalização de Trânsito).
LANTERNA DE ADVERTÊNCIA;( pisca-alerta) - operação simultânea de todas as lanternas
LANTERNA DE FREIO;lanterna de freio: dispositivo de sinalização utilizado para indicar a quem estiver transitando atrás do veículo que o mesmo está sendo freado ou está parado. (Resolução 970/2022).
LANTERNA DE ILUMINAÇÃO DE PLACA DE IDENTIFICAÇÃO DO VEÍCULO;dispositivo de iluminação utilizado para iluminar a placa de identificação do veículo. (Resolução 970/2022). LANTERNA DE	NEBLINA TRASEIRA -	dispositivo	de	sinalização	utilizado	para	melhorar	a visibilidade do veículo para os demais condutores, quando visto pela traseira, em caso de neblina, nevoeiro, fumaça, chuva forte ou nuvem de poeira. (Resolução 970/2022).
LANTERNA DE POSIÇÃO DIANTEIRA;dispositivo de sinalização utilizado para indicar a presença do veículo, quando visto pela dianteira. (Resolução 970/2022).
LANTERNA DE POSIÇÃO TRASEIRA;dispositivo de sinalização utilizado para indicar a presença do veículo, quando visto pela traseira. (Resolução 970/2022).
LANTERNA INDICADORA DE DIREÇÃO;dispositivos de sinalização utilizados para indicar aos LANTERNAS ESPECIAIS DE EMERGÊNCIA - lanternas especiais de emergência: dispositivos luminosos, removíveis ou não, compostos por luzes rotativas ou intermitentes de cor vermelha, azul, ou combinação de ambas, utilizados por veículos de emergência. (Resolução 970/2022).
LANTERNAS ESPECIAIS PARA PRESTAÇÃO DE SERVIÇOS;dispositivos luminosos não removíveis, compostos por luzes rotativas ou intermitentes de cor amarelo-âmbar, utilizados em veículos prestadores de serviços de utilidade pública. (Resolução 970/2022).
LICENÇA;é a autorização do poder concedente para efetuar a atividade remunerada e seu devido registro no órgão executivo de trânsito (MBFT - Manual Brasileiro de Fiscalização de Trânsito).
LICENCIAMENTO;procedimento anual, relativo a obrigações do proprietário de veículo, comprovado por meio de documento específico - Certificado de Licenciamento Anual (MBFT - Manual Brasileiro de Fiscalização de Trânsito).
LOGRADOURO PÚBLICO;espaço livre destinado pela municipalidade à circulação, parada ou estacionamento de veículos, ou à circulação de pedestres, tais como calçada, parques, áreas de lazer, calçadões (Anexo I do CTB).
LOTAÇÃO;carga útil máxima, incluindo condutor e passageiros, que o veículo transporta, expressa em quilogramas para os veículos de carga, ou número de pessoas, para os veículos de passageiros (MBFT - Manual Brasileiro de Fiscalização de Trânsito).
LOTE LINDEIRO;aquele situado ao longo das vias urbanas ou rurais e que com elas se limita (Anexo I do CTB).
LUZ ALTA;facho de luz do veículo destinado a iluminar a via até uma grande distância do veículo (Anexo I do CTB).
LUZ BAIXA;facho de luz do veículo destinada a iluminar a via diante do veículo, sem ocasionar ofuscamento ou incômodo injustificáveis aos condutores e outros usuários da via que venham em sentido contrário (Anexo I do CTB).
LUZ DE FREIO;luz do veículo destinada a indicar aos demais usuários da via, que se encontram atrás do veículo, que o condutor está aplicando o freio de serviço (Anexo I do CTB).
LUZ DE MARCHA À RÉ;luz do veículo destinada a iluminar atrás do veículo e advertir aos demais usuários da via que o veículo está efetuando ou a ponto de efetuar uma manobra de marcha à ré (Anexo I do CTB).
LUZ DE NEBLINA;luz do veículo destinada a aumentar a iluminação da via em caso de neblina, chuva forte ou nuvens de pó (Anexo I do CTB). LUZ DE POSIÇÃO (lanterna) - luz do veículo destinada a indicar a presença e a largura do veículo (Anexo I do CTB). LUZ INDICADORA DE DIREÇÃO (pisca-pisca) - luz do veículo destinada a indicar aos demais usuários da via que o condutor tem o propósito de mudar de direção para a direita ou para a esquerda (Anexo I do CTB).
LUZES ESTROBOSCÓPICAS;dispositivos de sinalização complementares às lanternas especiais de emergência e prestação de serviços, compostos por fontes luminosas que emitem pulsos em intervalos regulares, na forma de flashes de alta intensidade, destinados a melhorar a visibilidade dos respectivos veículos em situações em que isso seja necessário. (Resolução 970/2022). MALABARISMO: caracteriza-se pela execução de movimentos difíceis, que necessitam de equilíbrio e destreza na condução do veículo. (MBFT - Manual Brasileiro de Fiscalização de Trânsito).
MANOBRA;movimento executado pelo condutor para alterar a posição em que o veículo está no momento em relação à via (Anexo I do CTB).
MANUSEAR;o telefone celular: interagir com quaisquer das funções do aparelho por meio da tela ou de tecla. (MBFT - Manual Brasileiro de Fiscalização de Trânsito).
MARCAÇÃO DE CICLOFAIXA;ao longo da via (MCI) é constituída por uma linha contínua nas cores branca, nos bordos da ciclofaixa e vermelha, para contraste (MBFT - Manual Brasileiro de Fiscalização de Trânsito).
MARCAÇÃO DE FAIXA REVERSÍVEL NO CONTRA;FLUXO (MFR) - na cor amarela, delimita a faixa que pode ter seu sentido de circulação invertido temporariamente, em função da demanda do fluxo de veículos. (MBFT - Manual Brasileiro de Fiscalização de Trânsito).
MARCAS DE CANALIZAÇÃO;"orientam os fluxos de tráfego em uma via, direcionando a circulação de veículos; regulamentam as áreas de pavimento não utilizáveis (MBFT - Manual Brasileiro de Fiscalização de Trânsito)."
MARCAS VIÁRIAS;conjunto de sinais constituídos de linhas, marcações, símbolos ou legendas, em tipos e cores diversas, apostos ao pavimento da via (Anexo I do CTB).
MARCO DO PONTO;elemento definido pelo poder concedente que indica o local de parada para embarque e/ou desembarque de passageiros do transporte coletivo público, O marco do ponto deve estar
MICROÔNIBUS;veículo automotor de transporte coletivo com capacidade para até vinte passageiros (Anexo I do CTB).
MINI;ROTATÓRIA - equipara-se a ilha (MBFT - Manual Brasileiro de Fiscalização de Trânsito). MOTOCICLETA - veículo automotor de duas rodas, com ou sem side-car, dirigido por condutor em posição montada (Anexo I do CTB).
MOTONETA;veículo automotor de duas rodas, dirigido por condutor em posição sentada (Anexo I do CTB).
MOTOR;CASA (MOTOR-HOME) - veículo automotor cuja carroçaria seja fechada e destinada a alojamento, escritório, comércio ou finalidades análogas (Anexo I do CTB).
MOTORISTA PROFISSIONAL;condutor que exerce atividade remunerada ao veículo (MBFT - Manual Brasileiro de Fiscalização de Trânsito).
NOITE;período do dia compreendido entre o pôr-do-sol e o nascer do sol (Anexo I do CTB). ÓCULOS DE PROTEÇÃO MOTOCICLÍSTICA - são óculos que permitem aos usuários a utilização simultânea de óculos corretivos ou de sol (MBFT - Manual Brasileiro de Fiscalização de Trânsito).
ÔNIBUS;veículo automotor de transporte coletivo com capacidade para mais de vinte passageiros, ainda que, em virtude de adaptações com vista à maior comodidade destes, transporte número menor (Anexo I do CTB).
OPACÍMETRO;instrumento utilizado para a medição da opacidade e determinação do coeficiente de absorção de luz da fumaça emitida por motores de ignição por compressão (motores do ciclo diesel) (Portaria INMETRO 060/08).
OPERAÇÃO DE CARGA E DESCARGA;imobilização do veículo, pelo tempo estritamente necessário ao carregamento ou descarregamento de animais ou carga, na forma disciplinada pelo órgão ou entidade executivo de trânsito competente com circunscrição sobre a via (Anexo I do CTB). OPERAÇÃO DE TRÂNSITO - monitoramento técnico baseado nos conceitos de Engenharia de Tráfego, das condições de fluidez, de estacionamento e parada na via, de forma a reduzir as interferências tais como veículos quebrados, acidentados, estacionados irregularmente atrapalhando o trânsito, prestando socorros imediatos e informações aos pedestres e condutores (Anexo I do CTB). PARADA - imobilização do veículo com a finalidade e pelo tempo estritamente necessário para efetuar embarque ou desembarque de passageiros (Anexo I do CTB).
PASSAGEM DE NÍVEL;todo cruzamento de nível entre uma via e uma linha férrea ou trilho de bonde com pista própria (Anexo I do CTB).
PASSAGEM POR OUTRO VEÍCULO;movimento de passagem à frente de outro veículo que se desloca no mesmo sentido, em menor velocidade, mas em faixas distintas da via (Anexo I do CTB). PASSAGEM SUBTERRÂNEA - obra de arte destinada à transposição de vias, em desnível subterrâneo, e ao uso de pedestres ou veículos (Anexo I do CTB).
PASSARELA;obra de arte destinada à transposição de vias, em desnível aéreo, e ao uso de pedestres (Anexo I do CTB).
PASSEIO;parte da calçada ou da pista de rolamento, neste último caso, separada por pintura ou elemento físico separador, livre de interferências, destinada à circulação exclusiva de pedestres e, excepcionalmente, de ciclistas (Anexo I do CTB).
PATRULHAMENTO OSTENSIVO;função exercida pela Polícia Rodoviária Federal com o objetivo de prevenir e reprimir infrações penais no âmbito de sua competência e de garantir obediência às normas relativas à segurança de trânsito, de forma a assegurar a livre circulação e a prevenir sinistros.   (Redação dada pela Lei nº 14.599, de 2023)
PATRULHAMENTO VIÁRIO;função exercida pelos agentes de trânsito dos órgãos e entidades executivos de trânsito e rodoviário, no âmbito de suas competências, com o objetivo de garantir a segurança viária nos termos do § 10 do art. 144 da Constituição Federal (Lei 14.229/21).
PERÍMETRO URBANO;limite entre área urbana e área rural (Anexo I do CTB).
PERTURBAR DELIBERADAMENTE A CIRCULAÇÃO NA VIA;veículo que de alguma forma cause prejuízo à circulação, estando em movimento ou estacionado na via fora da pista de rolamento. (MBFT - Manual Brasileiro de Fiscalização de Trânsito).
PESO BRUTO TOTAL;peso máximo que o veículo transmite ao pavimento, constituído da soma da tara mais a lotação (Anexo I do CTB).
PESO BRUTO TOTAL COMBINADO;peso máximo transmitido ao pavimento pela combinação de um caminhão-trator mais seu semi-reboque ou do caminhão mais o seu reboque ou reboques (Anexo I do CTB).
PISCA;ALERTA - luz intermitente do veículo, utilizada em caráter de advertência, destinada a indicar aos demais usuários da via que o veículo está imobilizado ou em situação de emergência (Anexo I do CTB).
PISTA;parte da via normalmente utilizada para a circulação de veículos, identificada por elementos separadores ou por diferença de nível em relação às calçadas, ilhas ou aos canteiros centrais.Também conhecida como pista de rolamento. (Anexo I do CTB).
PLACAS;elementos colocados na posição vertical, fixados ao lado ou suspensos sobre a pista, transmitindo mensagens de caráter permanente e, eventualmente, variáveis, mediante símbolo ou legendas pré-reconhecidas e legalmente instituídas como sinais de trânsito (Anexo I do CTB).
POLICIAMENTO OSTENSIVO DE TRÂNSITO;função exercida pelas Polícias Militares com o objetivo de prevenir e reprimir atos relacionados com a segurança pública e de garantir obediência às normas relativas à segurança de trânsito, assegurando a livre circulação e evitando sinistros. (Lei nº 14.599, de 2023)
PONTE;obra de construção civil destinada a ligar margens opostas de uma superfície líquida qualquer (Anexo I do CTB). A alça de entrada e/ou saída é parte integrante da ponte.
PRÉSTITO;"agrupamento de numerosas pessoas em marcha; cortejo, procissão (MBFT - Manual Brasileiro de Fiscalização de Trânsito)."
PROMOTOR;aquele que fomenta, determina, dá impulso, promove, organiza a competição/evento. (MBFT - Manual Brasileiro de Fiscalização de Trânsito).
QUADRICICLO;veículo automotor de 4 (quatro) rodas, com ou sem cabine, com massa em ordem de marcha não superior a 450 kg (quatrocentos e cinquenta quilogramas) para o transporte de passageiros, ou não superior a 600 kg (seiscentos quilogramas) para o transporte de cargas.   (Lei nº 14.599, de 2023)
REBOQUE;veículo destinado a ser engatado atrás de um veículo automotor (Anexo I do CTB). REENTRÂNCIA DA CALÇADA - baia de parada, remanso, etc. (MBFT - Manual Brasileiro de Fiscalização de Trânsito).
REFÚGIO;parte da via, devidamente sinalizada e protegida, destinada ao uso de pedestres durante a travessia da mesma (Anexo I do CTB).
REGULAMENTAÇÃO DA VIA;implantação de sinalização de regulamentação pelo órgão ou entidade competente com circunscrição sobre a via, definindo, entre outros, sentido de direção, tipo de estacionamento, horários e dias (Anexo I do CTB).
RENACH;Registro Nacional de Carteiras de Habilitação. (Lei nº 14.440, de 2022)
RENAVAM;Registro Nacional de Veículos Automotores. (Anexo I do CTB).
RESTRINGIR DELIBERADAMENTE A CIRCULAÇÃO NA VIA;obstrução deliberada e parcial da circulação de veículos na via. (MBFT - Manual Brasileiro de Fiscalização de Trânsito).
RETORNO;movimento de inversão total de sentido da direção original de veículos (Anexo I do CTB). RETRORREFLETOR - Dispositivo de sinalização utilizado para indicar a presença de um veículo pela retrorreflexão da luz procedente de fonte luminosa não originada no próprio veículo. (Resolução 970/2022).
RODOVIA;via rural pavimentada (Anexo I do CTB).
ROTA DE BICICLETA OU CICLORROTA;vias sinalizadas que compõem o sistema ciclável da cidade interligando pontos de interesse, ciclovias e ciclofaixas, de forma a indicar o compartilhamento do espaço viário entre veículos motorizados e bicicletas, melhorando as condições de segurança na circulação. (MBFT - Manual Brasileiro de Fiscalização de Trânsito).
SEGURAR O TELEFONE CELULAR;manter o aparelho na mão, sem contudo manuseá-lo. (MBFT - Manual Brasileiro de Fiscalização de Trânsito).
SEMI;REBOQUE - veículo de um ou mais eixos que se apoia na sua unidade tratora ou é a ela ligado por meio de articulação (Anexo I do CTB).
"SETAS INDICATIVAS DE POSICIONAMENTO NA PISTA PARA A EXECUÇÃO DE MOVIMENTOS
(PEM)";indica em que faixa de trânsito o veículo deve se posicionar, para  efetuar  o  movimento desejado, de forma adequada e sem conflitos com o movimento dos demais veículos. (MBFT - Manual Brasileiro de Fiscalização de Trânsito).
SIDCAR;Dispositivo de uma única roda preso ao lado de uma motocicleta (MBFT - Manual Brasileiro de Fiscalização de Trânsito).
SINAIS DE TRÂNSITO;elementos de sinalização viária que se utilizam de placas, marcas viárias, equipamentos de controle luminosos, dispositivos auxiliares, apitos e gestos, destinados exclusivamente a ordenar ou dirigir o trânsito dos veículos e pedestres (Anexo I do CTB).
SINALIZAÇÃO;conjunto de sinais de trânsito e dispositivos de segurança colocados na via pública com o objetivo de garantir sua utilização adequada, possibilitando melhor fluidez no trânsito e maior segurança dos veículos e pedestres que nela circulam (Anexo I do CTB).
SINISTRO DE TRÂNSITO;evento que resulta em dano ao veículo ou à sua carga e/ou em lesões a pessoas ou animais e que pode trazer dano material ou prejuízo ao trânsito, à via ou ao meio ambiente, em que pelo menos uma das partes está em movimento nas vias terrestres ou em áreas abertas ao público. (Lei nº 14.599, de 2023)
SITUAÇÃO DE EMERGÊNCIA;é aquilo que estiver causando risco à segurança ou interferência na circulação, com prejuízo à fluidez (MBFT - Manual Brasileiro de Fiscalização de Trânsito). SONÔMETRO (decibelímetro) - equipamento hábil para medição de pressão sonora (MBFT - Manual Brasileiro de Fiscalização de Trânsito).
SONS POR APITO;sinais sonoros, emitidos exclusivamente pelos agentes da autoridade de trânsito nas vias, para orientar ou indicar o direito de passagem dos veículos ou pedestres, sobrepondo-se ou completando sinalização existente no local ou norma estabelecida no CTB (Anexo I do CTB).
TALUDE;é a denominação que se dá a qualquer superfície inclinada de um maciço de solo ou rocha (Estabilidade de Taludes, Denise M. S. Gerscovich, 2ª Edição 2016, pág 192).
TARA;peso próprio do veículo, acrescido dos pesos da carroçaria e equipamento, do combustível, das ferramentas e acessórios, da roda sobressalente, do extintor de incêndio e do fluido de arrefecimento, expresso em quilogramas (Anexo I do CTB).
TÁXI;veículo de aluguel utilizado para transporte público individual de passageiros autorizado pelo poder público municipal a efetuar esse serviço em sua circunscrição (MBFT - Manual Brasileiro de Fiscalização de Trânsito).
TEMPO DE DIREÇÃO;período em que o condutor estiver efetivamente ao volante de um veículo em movimento. (MBFT - Manual Brasileiro de Fiscalização de Trânsito).
TRAILER;reboque ou semi-reboque tipo casa, com duas, quatro, ou seis rodas, acoplado ou adaptado à traseira de automóvel ou camionete, utilizado em geral em atividades turísticas como alojamento, ou para atividades comerciais (Anexo I do CTB).
TRÂNSITO;movimentação e imobilização de veículos, pessoas e animais nas vias terrestres (Anexo I do CTB).
TRÂNSITO SELETIVO;é a via, pista ou faixa definida pela sinalização onde o trânsito de determinado veículo (tipo, espécie, PBT, etc.) é restrito (MBFT - Manual Brasileiro de Fiscalização de Trânsito).
TRANSPORTADOR;aquele que conduz, que leva, que transporta de um lugar para o outro (Mini Aurélio,	6ª	Edição,	2005). TRANSPOSIÇÃO DE FAIXAS - passagem de um veículo de uma faixa demarcada para outra (
TRANSPORTE PRIVADO COLETIVO;serviço de transporte de passageiros não aberto ao público para a realização de viagens com características operacionais exclusivas para cada linha e demanda. (MBFT - Manual Brasileiro de Fiscalização de Trânsito).
TRANSPORTE PÚBLICO COLETIVO;serviço público de transporte de passageiros acessível a toda a população mediante pagamento individualizado, com itinerários e preços fixados pelo poder público. (MBFT - Manual Brasileiro de Fiscalização de Trânsito).
TRATOR;veículo automotor construído para realizar trabalho agrícola, de construção e pavimentação e tracionar outros veículos e equipamentos (Anexo I do CTB).
TRICICLO;veículo automotor de 3 (três) rodas, com ou sem cabine, dirigido por condutor em posição sentada ou montada, que não possui as características de ciclomotor.  (Incluído pela Lei nº 14.599, de 2023)
TÚNEL;é a obra usada para atravessar um grande maciço rochoso ou terroso, onde não seja recomendável fazê-lo em corte (ABNT) (MBFT - Manual Brasileiro de Fiscalização de Trânsito).
ULTRAPASSAGEM;movimento de passar à frente de outro veículo que se desloca no mesmo sentido, em menor velocidade e na mesma faixa de tráfego, necessitando sair e retornar à faixa de origem (Anexo I do CTB).
UTILITÁRIO;veículo misto caracterizado pela versatilidade do seu uso, inclusive fora de estrada (Anexo I do CTB).
UTILIZANDO;"SE de telefone celular - utilizar o telefone celular, sem contudo segurar ou manusear o aparelho (por exemplo: apoiado entre a cabeça e o ombro; encaixado no capacete ou pendurado). (MBFT - Manual Brasileiro de Fiscalização de Trânsito)."
VEÍCULO ARTICULADO;combinação de veículos acoplados, sendo um deles automotor (Anexo I do CTB).
VEÍCULO AUTOMOTOR;veículo a motor de propulsão a combustão, elétrica ou híbrida que circula por seus próprios meios e que serve normalmente para o transporte viário de pessoas e coisas ou para a tração viária de veículos utilizados para o transporte de pessoas e coisas, compreendidos na definição os veículos conectados a uma linha elétrica e que não circulam sobre trilhos (ônibus elétrico). (Lei nº 14.599, de 2023)
VEÍCULO CONJUGADO;combinação de veículos, sendo o primeiro um veículo automotor e os demais reboques ou equipamentos de trabalho agrícola, construção, terraplenagem ou pavimentação (Lei federal 14.071 de 2020).
VEÍCULO DE CARGA;veículo destinado ao transporte de carga, podendo transportar dois passageiros, exclusive o condutor (Anexo I do CTB).
VEÍCULO DE COLEÇÃO;veículo fabricado há mais de 30 (trinta) anos, original ou modificado, que possui valor histórico próprio (Lei federal 14.071 de 2020).
VEÍCULO DE GRANDE PORTE;veículo automotor destinado ao transporte de carga com peso bruto total máximo superior a dez mil quilogramas e de passageiros, superior a vinte passageiros (Anexo I do CTB).
VEÍCULO DE PASSAGEIROS;veículo destinado ao transporte de pessoas e suas bagagens (Anexo I do CTB).
VEÍCULO DE SALVAMENTO;considera-se veículo de salvamento aquele que possui dispositivos de luz vermelha intermitente e alarme sonoro (que não ambulância), destinado a transporte de médico em atendimento de urgência, ou ainda, a transporte de equipamento de salvamento (terrestre, aquático e em alturas) (MBFT - Manual Brasileiro de Fiscalização de Trânsito).
VEÍCULO EM ESTADO DE ABANDONO;veículo estacionado na via ou em estacionamento público, sem capacidade de locomoção por meios próprios e que, devido a seu estado de conservação e processo de deterioração, ofereça risco à saúde pública, à segurança pública ou ao meio ambiente, independentemente de encontrar-se estacionado em local permitido. (Lei nº 14.440, de 2022)
VEÍCULO ESPECIAL;veículo de passageiro, de carga, de tração, de coleção ou misto que possui características diferenciadas para realização de função especial para a qual são necessários arranjos específicos da carroceria e/ou equipamento. (Lei nº 14.599, de 2023)
VEÍCULO LENTO;veículo automotor que está transitando com velocidade anormalmente reduzida em relação a outro veículo (MBFT - Manual Brasileiro de Fiscalização de Trânsito).
VEÍCULO LEVE;ciclomotor, motoneta, motocicleta, triciclo, quadriciclo, automóvel, ulitário, caminhonete e camioneta, com peso bruto total inferior ou igual a três mil e quinhentos quilogramas. (MBFT - Manual Brasileiro de Fiscalização de Trânsito).
VEÍCULO MISTO;veículo automotor destinado ao transporte simultâneo de carga e passageiro (Anexo I do CTB).
VEÍCULO PESADO;ônibus, micro-ônibus, caminhão, caminhão-trator, trator de rodas, trator misto, chassi-plataforma, motor-casa, reboque ou semirreboque, combinação de veículos, veículo leve tracionando outro veículo, ou qualquer outro veículo com peso bruto total superior a três mil e quinhentos quilogramas. (MBFT - Manual Brasileiro de Fiscalização de Trânsito).
VELOCIDADE COMPATÍVEL;para fins deste dispoditivo, a velocidade compatível com a segurança no trânsito é aquela em que o condutor reduz efetivamente a velocidadedo veículo, de forma que fique claro ao agente a redução em relação à velocidade anterior de aproximação, de modo a se evitar o risco de um sinistro de trânsito (Lei Federal 14.071 de 2020).
VIA;superfície por onde transitam veículos, pessoas e animais, compreendendo a pista, a calçada, o acostamento, ilha e canteiro central, jardins, pontes, passarelas, viadutos, etc. (MBFT - Manual Brasileiro de Fiscalização de Trânsito).
VIA ARTERIAL;aquela caracterizada por interseções em nível, geralmente controlada por semáforo, com acessibilidade aos lotes lindeiros e às vias secundárias e locais, possibilitando o trânsito entre as regiões da cidade (Anexo I do CTB).
VIA COLETORA;aquela destinada a coletar e distribuir o trânsito que tenha necessidade de entrar ou sair das vias de trânsito rápido ou arteriais, possibilitando o trânsito dentro das regiões da cidade (Anexo I do CTB).
VIA DE TRÂNSITO RÁPIDO;aquela caracterizada por acessos especiais com trânsito livre, sem interseções em nível, sem acessibilidade direta aos lotes lindeiros e sem travessia de pedestres em nível (Anexo I do CTB).
VIA ELEVADA;equipara-se a viaduto (MBFT - Manual Brasileiro de Fiscalização de Trânsito).
VIA LOCAL;aquela caracterizada por interseções em nível não semaforizadas, destinada apenas ao acesso local ou a áreas restritas (Anexo I do CTB).
VIA RURAL;estradas e rodovias (Anexo I do CTB).
VIA URBANA;ruas, avenidas, vielas, ou caminhos e similares abertos à circulação pública, situados na área urbana, caracterizados principalmente por possuírem imóveis edificados ao longo de sua extensão (Anexo I do CTB).
VIADUTO;obra de construção civil destinada a transpor uma depressão de terreno ou servir de passagem superior (Anexo I do CTB). A alça de entrada e/ou saída é parte integrante do viaduto. Via elevada ou elevado equipara-se a viaduto para fins de fiscalização.
VIAS E ÁREAS DE PEDESTRES;vias ou conjunto de vias destinadas à circulação prioritária de pedestres (Anexo I do CTB).
VISEIRA;Anteparo destinado à proteção dos olhos e das mucosas, é construída em plásticos de engenharia, com transparência, fabricadas nos padrões: cristal, fumê light, fumê e metalizadas. As viseiras que não sejam do padrão cristal devem ter aplicação da seguinte orientação na sua superfície, em alto ou baixo relevo, sendo: Idioma português: USO EXCLUSIVO DIURNO (podendo estar acompanhada com a informação em outro idioma) Idioma inglês: DAY TIME USE ONLY. (MBFT - Manual Brasileiro de Fiscalização de Trânsito). (MBFT - Manual Brasileiro de Fiscalização de Trânsito).
VPC;Veículo PortaContêiner. (MBFT - Manual Brasileiro de Fiscalização de Trânsito).
VTAV;Veículo de Transporte de Animais Vivos. (MBFT - Manual Brasileiro de Fiscalização de Trânsito).
